name,unit,update_frequency,meter_category_id,image_file_id,demo,location_id,asset_id
Monitoring Appliance CPU Usage - HN-01,%,5,,,FALSE,1,1
Router CPU Usage - HN-01,%,3,,,FALSE,2,2
VMS Storage Utilization - HN-01,%,10,,,FALSE,3,3
Server Temperature - HN-01,Celsius,7,,,FALSE,4,4
Storage Latency - HN-01,ms,5,,,FALSE,5,5
Switch Port Error Rate - HN-01,Errors/sec,2,,,FALSE,6,6
Access Control Events - HN-01,Events/day,2,,,FALSE,7,7
Video Recorder Disk Health - HN-01,%,15,,,FALSE,8,8
UPS Battery Charge - HN-01,%,5,,,FALSE,9,9
ATS Transfer Count - HN-01,Transfers/month,30,,,FALSE,10,10
Cooling Supply Air Temperature - HN-01,Celsius,10,,,FALSE,11,11
Generator Fuel Level - HN-01,%,30,,,FALSE,12,12
Visitor Kiosk Uptime - HN-01,Hours,15,,,FALSE,13,13
Camera Uptime - HN-01,Hours,10,,,FALSE,14,14
Backhaul Signal Strength - HN-01,dBm,2,,,FALSE,15,15
Optical Link Loss - HN-01,dB,15,,,FALSE,16,16
Edge Switch Utilization - HN-01,%,3,,,FALSE,17,17
5G Sector Throughput - HN-01,Mbps,2,,,FALSE,18,18
Baseband CPU Load - HN-01,%,2,,,FALSE,19,19
RRU VSWR - HN-01,ratio,5,,,FALSE,20,20
Gateway Packet Count - HN-01,Packets/min,10,,,FALSE,21,21
Wireless Client Count - HN-01,Clients,5,,,FALSE,22,22
AP Channel Utilization - HN-01,%,5,,,FALSE,23,23
GPU Usage - HN-01,%,1,,,FALSE,24,24
Packet Capture Buffer Usage - HN-01,%,10,,,FALSE,25,25
Monitoring Appliance CPU Usage - HN-02,%,5,,,FALSE,26,26
Router CPU Usage - HN-02,%,3,,,FALSE,27,27
VMS Storage Utilization - HN-02,%,10,,,FALSE,28,28
Server Temperature - HN-02,Celsius,7,,,FALSE,29,29
Storage Latency - HN-02,ms,5,,,FALSE,30,30
Switch Port Error Rate - HN-02,Errors/sec,2,,,FALSE,31,31
Access Control Events - HN-02,Events/day,2,,,FALSE,32,32
Video Recorder Disk Health - HN-02,%,15,,,FALSE,33,33
UPS Battery Charge - HN-02,%,5,,,FALSE,34,34
ATS Transfer Count - HN-02,Transfers/month,30,,,FALSE,35,35
Cooling Supply Air Temperature - HN-02,Celsius,10,,,FALSE,36,36
Generator Fuel Level - HN-02,%,30,,,FALSE,37,37
Visitor Kiosk Uptime - HN-02,Hours,15,,,FALSE,38,38
Camera Uptime - HN-02,Hours,10,,,FALSE,39,39
Backhaul Signal Strength - HN-02,dBm,2,,,FALSE,40,40
Optical Link Loss - HN-02,dB,15,,,FALSE,41,41
Edge Switch Utilization - HN-02,%,3,,,FALSE,42,42
5G Sector Throughput - HN-02,Mbps,2,,,FALSE,43,43
Baseband CPU Load - HN-02,%,2,,,FALSE,44,44
RRU VSWR - HN-02,ratio,5,,,FALSE,45,45
Gateway Packet Count - HN-02,Packets/min,10,,,FALSE,46,46
Wireless Client Count - HN-02,Clients,5,,,FALSE,47,47
AP Channel Utilization - HN-02,%,5,,,FALSE,48,48
GPU Usage - HN-02,%,1,,,FALSE,49,49
Packet Capture Buffer Usage - HN-02,%,10,,,FALSE,50,50
Monitoring Appliance CPU Usage - HCM-03,%,5,,,FALSE,51,51
Router CPU Usage - HCM-03,%,3,,,FALSE,52,52
VMS Storage Utilization - HCM-03,%,10,,,FALSE,53,53
Server Temperature - HCM-03,Celsius,7,,,FALSE,54,54
Storage Latency - HCM-03,ms,5,,,FALSE,55,55
Switch Port Error Rate - HCM-03,Errors/sec,2,,,FALSE,56,56
Access Control Events - HCM-03,Events/day,2,,,FALSE,57,57
Video Recorder Disk Health - HCM-03,%,15,,,FALSE,58,58
UPS Battery Charge - HCM-03,%,5,,,FALSE,59,59
ATS Transfer Count - HCM-03,Transfers/month,30,,,FALSE,60,60
Cooling Supply Air Temperature - HCM-03,Celsius,10,,,FALSE,61,61
Generator Fuel Level - HCM-03,%,30,,,FALSE,62,62
Visitor Kiosk Uptime - HCM-03,Hours,15,,,FALSE,63,63
Camera Uptime - HCM-03,Hours,10,,,FALSE,64,64
Backhaul Signal Strength - HCM-03,dBm,2,,,FALSE,65,65
Optical Link Loss - HCM-03,dB,15,,,FALSE,66,66
Edge Switch Utilization - HCM-03,%,3,,,FALSE,67,67
5G Sector Throughput - HCM-03,Mbps,2,,,FALSE,68,68
Baseband CPU Load - HCM-03,%,2,,,FALSE,69,69
RRU VSWR - HCM-03,ratio,5,,,FALSE,70,70
Gateway Packet Count - HCM-03,Packets/min,10,,,FALSE,71,71
Wireless Client Count - HCM-03,Clients,5,,,FALSE,72,72
AP Channel Utilization - HCM-03,%,5,,,FALSE,73,73
GPU Usage - HCM-03,%,1,,,FALSE,74,74
Packet Capture Buffer Usage - HCM-03,%,10,,,FALSE,75,75
Monitoring Appliance CPU Usage - HCM-04,%,5,,,FALSE,76,76
Router CPU Usage - HCM-04,%,3,,,FALSE,77,77
VMS Storage Utilization - HCM-04,%,10,,,FALSE,78,78
Server Temperature - HCM-04,Celsius,7,,,FALSE,79,79
Storage Latency - HCM-04,ms,5,,,FALSE,80,80
Switch Port Error Rate - HCM-04,Errors/sec,2,,,FALSE,81,81
Access Control Events - HCM-04,Events/day,2,,,FALSE,82,82
Video Recorder Disk Health - HCM-04,%,15,,,FALSE,83,83
UPS Battery Charge - HCM-04,%,5,,,FALSE,84,84
ATS Transfer Count - HCM-04,Transfers/month,30,,,FALSE,85,85
Cooling Supply Air Temperature - HCM-04,Celsius,10,,,FALSE,86,86
Generator Fuel Level - HCM-04,%,30,,,FALSE,87,87
Visitor Kiosk Uptime - HCM-04,Hours,15,,,FALSE,88,88
Camera Uptime - HCM-04,Hours,10,,,FALSE,89,89
Backhaul Signal Strength - HCM-04,dBm,2,,,FALSE,90,90
Optical Link Loss - HCM-04,dB,15,,,FALSE,91,91
Edge Switch Utilization - HCM-04,%,3,,,FALSE,92,92
5G Sector Throughput - HCM-04,Mbps,2,,,FALSE,93,93
Baseband CPU Load - HCM-04,%,2,,,FALSE,94,94
RRU VSWR - HCM-04,ratio,5,,,FALSE,95,95
Gateway Packet Count - HCM-04,Packets/min,10,,,FALSE,96,96
Wireless Client Count - HCM-04,Clients,5,,,FALSE,97,97
AP Channel Utilization - HCM-04,%,5,,,FALSE,98,98
GPU Usage - HCM-04,%,1,,,FALSE,99,99
Packet Capture Buffer Usage - HCM-04,%,10,,,FALSE,100,100
Monitoring Appliance CPU Usage - DN-05,%,5,,,FALSE,101,101
Router CPU Usage - DN-05,%,3,,,FALSE,102,102
VMS Storage Utilization - DN-05,%,10,,,FALSE,103,103
Server Temperature - DN-05,Celsius,7,,,FALSE,104,104
Storage Latency - DN-05,ms,5,,,FALSE,105,105
Switch Port Error Rate - DN-05,Errors/sec,2,,,FALSE,106,106
Access Control Events - DN-05,Events/day,2,,,FALSE,107,107
Video Recorder Disk Health - DN-05,%,15,,,FALSE,108,108
UPS Battery Charge - DN-05,%,5,,,FALSE,109,109
ATS Transfer Count - DN-05,Transfers/month,30,,,FALSE,110,110
Cooling Supply Air Temperature - DN-05,Celsius,10,,,FALSE,111,111
Generator Fuel Level - DN-05,%,30,,,FALSE,112,112
Visitor Kiosk Uptime - DN-05,Hours,15,,,FALSE,113,113
Camera Uptime - DN-05,Hours,10,,,FALSE,114,114
Backhaul Signal Strength - DN-05,dBm,2,,,FALSE,115,115
Optical Link Loss - DN-05,dB,15,,,FALSE,116,116
Edge Switch Utilization - DN-05,%,3,,,FALSE,117,117
5G Sector Throughput - DN-05,Mbps,2,,,FALSE,118,118
Baseband CPU Load - DN-05,%,2,,,FALSE,119,119
RRU VSWR - DN-05,ratio,5,,,FALSE,120,120
Gateway Packet Count - DN-05,Packets/min,10,,,FALSE,121,121
Wireless Client Count - DN-05,Clients,5,,,FALSE,122,122
AP Channel Utilization - DN-05,%,5,,,FALSE,123,123
GPU Usage - DN-05,%,1,,,FALSE,124,124
Packet Capture Buffer Usage - DN-05,%,10,,,FALSE,125,125
Monitoring Appliance CPU Usage - HP-06,%,5,,,FALSE,126,126
Router CPU Usage - HP-06,%,3,,,FALSE,127,127
VMS Storage Utilization - HP-06,%,10,,,FALSE,128,128
Server Temperature - HP-06,Celsius,7,,,FALSE,129,129
Storage Latency - HP-06,ms,5,,,FALSE,130,130
Switch Port Error Rate - HP-06,Errors/sec,2,,,FALSE,131,131
Access Control Events - HP-06,Events/day,2,,,FALSE,132,132
Video Recorder Disk Health - HP-06,%,15,,,FALSE,133,133
UPS Battery Charge - HP-06,%,5,,,FALSE,134,134
ATS Transfer Count - HP-06,Transfers/month,30,,,FALSE,135,135
Cooling Supply Air Temperature - HP-06,Celsius,10,,,FALSE,136,136
Generator Fuel Level - HP-06,%,30,,,FALSE,137,137
Visitor Kiosk Uptime - HP-06,Hours,15,,,FALSE,138,138
Camera Uptime - HP-06,Hours,10,,,FALSE,139,139
Backhaul Signal Strength - HP-06,dBm,2,,,FALSE,140,140
Optical Link Loss - HP-06,dB,15,,,FALSE,141,141
Edge Switch Utilization - HP-06,%,3,,,FALSE,142,142
5G Sector Throughput - HP-06,Mbps,2,,,FALSE,143,143
Baseband CPU Load - HP-06,%,2,,,FALSE,144,144
RRU VSWR - HP-06,ratio,5,,,FALSE,145,145
Gateway Packet Count - HP-06,Packets/min,10,,,FALSE,146,146
Wireless Client Count - HP-06,Clients,5,,,FALSE,147,147
AP Channel Utilization - HP-06,%,5,,,FALSE,148,148
GPU Usage - HP-06,%,1,,,FALSE,149,149
Packet Capture Buffer Usage - HP-06,%,10,,,FALSE,150,150
Monitoring Appliance CPU Usage - CT-07,%,5,,,FALSE,151,151
Router CPU Usage - CT-07,%,3,,,FALSE,152,152
VMS Storage Utilization - CT-07,%,10,,,FALSE,153,153
Server Temperature - CT-07,Celsius,7,,,FALSE,154,154
Storage Latency - CT-07,ms,5,,,FALSE,155,155
Switch Port Error Rate - CT-07,Errors/sec,2,,,FALSE,156,156
Access Control Events - CT-07,Events/day,2,,,FALSE,157,157
Video Recorder Disk Health - CT-07,%,15,,,FALSE,158,158
UPS Battery Charge - CT-07,%,5,,,FALSE,159,159
ATS Transfer Count - CT-07,Transfers/month,30,,,FALSE,160,160
Cooling Supply Air Temperature - CT-07,Celsius,10,,,FALSE,161,161
Generator Fuel Level - CT-07,%,30,,,FALSE,162,162
Visitor Kiosk Uptime - CT-07,Hours,15,,,FALSE,163,163
Camera Uptime - CT-07,Hours,10,,,FALSE,164,164
Backhaul Signal Strength - CT-07,dBm,2,,,FALSE,165,165
Optical Link Loss - CT-07,dB,15,,,FALSE,166,166
Edge Switch Utilization - CT-07,%,3,,,FALSE,167,167
5G Sector Throughput - CT-07,Mbps,2,,,FALSE,168,168
Baseband CPU Load - CT-07,%,2,,,FALSE,169,169
RRU VSWR - CT-07,ratio,5,,,FALSE,170,170
Gateway Packet Count - CT-07,Packets/min,10,,,FALSE,171,171
Wireless Client Count - CT-07,Clients,5,,,FALSE,172,172
AP Channel Utilization - CT-07,%,5,,,FALSE,173,173
GPU Usage - CT-07,%,1,,,FALSE,174,174
Packet Capture Buffer Usage - CT-07,%,10,,,FALSE,175,175
Monitoring Appliance CPU Usage - BD-08,%,5,,,FALSE,176,176
Router CPU Usage - BD-08,%,3,,,FALSE,177,177
VMS Storage Utilization - BD-08,%,10,,,FALSE,178,178
Server Temperature - BD-08,Celsius,7,,,FALSE,179,179
Storage Latency - BD-08,ms,5,,,FALSE,180,180
Switch Port Error Rate - BD-08,Errors/sec,2,,,FALSE,181,181
Access Control Events - BD-08,Events/day,2,,,FALSE,182,182
Video Recorder Disk Health - BD-08,%,15,,,FALSE,183,183
UPS Battery Charge - BD-08,%,5,,,FALSE,184,184
ATS Transfer Count - BD-08,Transfers/month,30,,,FALSE,185,185
Cooling Supply Air Temperature - BD-08,Celsius,10,,,FALSE,186,186
Generator Fuel Level - BD-08,%,30,,,FALSE,187,187
Visitor Kiosk Uptime - BD-08,Hours,15,,,FALSE,188,188
Camera Uptime - BD-08,Hours,10,,,FALSE,189,189
Backhaul Signal Strength - BD-08,dBm,2,,,FALSE,190,190
Optical Link Loss - BD-08,dB,15,,,FALSE,191,191
Edge Switch Utilization - BD-08,%,3,,,FALSE,192,192
5G Sector Throughput - BD-08,Mbps,2,,,FALSE,193,193
Baseband CPU Load - BD-08,%,2,,,FALSE,194,194
RRU VSWR - BD-08,ratio,5,,,FALSE,195,195
Gateway Packet Count - BD-08,Packets/min,10,,,FALSE,196,196
Wireless Client Count - BD-08,Clients,5,,,FALSE,197,197
AP Channel Utilization - BD-08,%,5,,,FALSE,198,198
GPU Usage - BD-08,%,1,,,FALSE,199,199
Packet Capture Buffer Usage - BD-08,%,10,,,FALSE,200,200
Monitoring Appliance CPU Usage - HN-09,%,5,,,FALSE,201,201
Router CPU Usage - HN-09,%,3,,,FALSE,202,202
VMS Storage Utilization - HN-09,%,10,,,FALSE,203,203
Server Temperature - HN-09,Celsius,7,,,FALSE,204,204
Storage Latency - HN-09,ms,5,,,FALSE,205,205
Switch Port Error Rate - HN-09,Errors/sec,2,,,FALSE,206,206
Access Control Events - HN-09,Events/day,2,,,FALSE,207,207
Video Recorder Disk Health - HN-09,%,15,,,FALSE,208,208
UPS Battery Charge - HN-09,%,5,,,FALSE,209,209
ATS Transfer Count - HN-09,Transfers/month,30,,,FALSE,210,210
Cooling Supply Air Temperature - HN-09,Celsius,10,,,FALSE,211,211
Generator Fuel Level - HN-09,%,30,,,FALSE,212,212
Visitor Kiosk Uptime - HN-09,Hours,15,,,FALSE,213,213
Camera Uptime - HN-09,Hours,10,,,FALSE,214,214
Backhaul Signal Strength - HN-09,dBm,2,,,FALSE,215,215
Optical Link Loss - HN-09,dB,15,,,FALSE,216,216
Edge Switch Utilization - HN-09,%,3,,,FALSE,217,217
5G Sector Throughput - HN-09,Mbps,2,,,FALSE,218,218
Baseband CPU Load - HN-09,%,2,,,FALSE,219,219
RRU VSWR - HN-09,ratio,5,,,FALSE,220,220
Gateway Packet Count - HN-09,Packets/min,10,,,FALSE,221,221
Wireless Client Count - HN-09,Clients,5,,,FALSE,222,222
AP Channel Utilization - HN-09,%,5,,,FALSE,223,223
GPU Usage - HN-09,%,1,,,FALSE,224,224
Packet Capture Buffer Usage - HN-09,%,10,,,FALSE,225,225
Monitoring Appliance CPU Usage - HN-10,%,5,,,FALSE,226,226
Router CPU Usage - HN-10,%,3,,,FALSE,227,227
VMS Storage Utilization - HN-10,%,10,,,FALSE,228,228
Server Temperature - HN-10,Celsius,7,,,FALSE,229,229
Storage Latency - HN-10,ms,5,,,FALSE,230,230
Switch Port Error Rate - HN-10,Errors/sec,2,,,FALSE,231,231
Access Control Events - HN-10,Events/day,2,,,FALSE,232,232
Video Recorder Disk Health - HN-10,%,15,,,FALSE,233,233
UPS Battery Charge - HN-10,%,5,,,FALSE,234,234
ATS Transfer Count - HN-10,Transfers/month,30,,,FALSE,235,235
Cooling Supply Air Temperature - HN-10,Celsius,10,,,FALSE,236,236
Generator Fuel Level - HN-10,%,30,,,FALSE,237,237
Visitor Kiosk Uptime - HN-10,Hours,15,,,FALSE,238,238
Camera Uptime - HN-10,Hours,10,,,FALSE,239,239
Backhaul Signal Strength - HN-10,dBm,2,,,FALSE,240,240
Optical Link Loss - HN-10,dB,15,,,FALSE,241,241
Edge Switch Utilization - HN-10,%,3,,,FALSE,242,242
5G Sector Throughput - HN-10,Mbps,2,,,FALSE,243,243
Baseband CPU Load - HN-10,%,2,,,FALSE,244,244
RRU VSWR - HN-10,ratio,5,,,FALSE,245,245
Gateway Packet Count - HN-10,Packets/min,10,,,FALSE,246,246
Wireless Client Count - HN-10,Clients,5,,,FALSE,247,247
AP Channel Utilization - HN-10,%,5,,,FALSE,248,248
GPU Usage - HN-10,%,1,,,FALSE,249,249
Packet Capture Buffer Usage - HN-10,%,10,,,FALSE,250,250
Monitoring Appliance CPU Usage - HCM-11,%,5,,,FALSE,251,251
Router CPU Usage - HCM-11,%,3,,,FALSE,252,252
VMS Storage Utilization - HCM-11,%,10,,,FALSE,253,253
Server Temperature - HCM-11,Celsius,7,,,FALSE,254,254
Storage Latency - HCM-11,ms,5,,,FALSE,255,255
Switch Port Error Rate - HCM-11,Errors/sec,2,,,FALSE,256,256
Access Control Events - HCM-11,Events/day,2,,,FALSE,257,257
Video Recorder Disk Health - HCM-11,%,15,,,FALSE,258,258
UPS Battery Charge - HCM-11,%,5,,,FALSE,259,259
ATS Transfer Count - HCM-11,Transfers/month,30,,,FALSE,260,260
Cooling Supply Air Temperature - HCM-11,Celsius,10,,,FALSE,261,261
Generator Fuel Level - HCM-11,%,30,,,FALSE,262,262
Visitor Kiosk Uptime - HCM-11,Hours,15,,,FALSE,263,263
Camera Uptime - HCM-11,Hours,10,,,FALSE,264,264
Backhaul Signal Strength - HCM-11,dBm,2,,,FALSE,265,265
Optical Link Loss - HCM-11,dB,15,,,FALSE,266,266
Edge Switch Utilization - HCM-11,%,3,,,FALSE,267,267
5G Sector Throughput - HCM-11,Mbps,2,,,FALSE,268,268
Baseband CPU Load - HCM-11,%,2,,,FALSE,269,269
RRU VSWR - HCM-11,ratio,5,,,FALSE,270,270
Gateway Packet Count - HCM-11,Packets/min,10,,,FALSE,271,271
Wireless Client Count - HCM-11,Clients,5,,,FALSE,272,272
AP Channel Utilization - HCM-11,%,5,,,FALSE,273,273
GPU Usage - HCM-11,%,1,,,FALSE,274,274
Packet Capture Buffer Usage - HCM-11,%,10,,,FALSE,275,275
Monitoring Appliance CPU Usage - HCM-12,%,5,,,FALSE,276,276
Router CPU Usage - HCM-12,%,3,,,FALSE,277,277
VMS Storage Utilization - HCM-12,%,10,,,FALSE,278,278
Server Temperature - HCM-12,Celsius,7,,,FALSE,279,279
Storage Latency - HCM-12,ms,5,,,FALSE,280,280
Switch Port Error Rate - HCM-12,Errors/sec,2,,,FALSE,281,281
Access Control Events - HCM-12,Events/day,2,,,FALSE,282,282
Video Recorder Disk Health - HCM-12,%,15,,,FALSE,283,283
UPS Battery Charge - HCM-12,%,5,,,FALSE,284,284
ATS Transfer Count - HCM-12,Transfers/month,30,,,FALSE,285,285
Cooling Supply Air Temperature - HCM-12,Celsius,10,,,FALSE,286,286
Generator Fuel Level - HCM-12,%,30,,,FALSE,287,287
Visitor Kiosk Uptime - HCM-12,Hours,15,,,FALSE,288,288
Camera Uptime - HCM-12,Hours,10,,,FALSE,289,289
Backhaul Signal Strength - HCM-12,dBm,2,,,FALSE,290,290
Optical Link Loss - HCM-12,dB,15,,,FALSE,291,291
Edge Switch Utilization - HCM-12,%,3,,,FALSE,292,292
5G Sector Throughput - HCM-12,Mbps,2,,,FALSE,293,293
Baseband CPU Load - HCM-12,%,2,,,FALSE,294,294
RRU VSWR - HCM-12,ratio,5,,,FALSE,295,295
Gateway Packet Count - HCM-12,Packets/min,10,,,FALSE,296,296
Wireless Client Count - HCM-12,Clients,5,,,FALSE,297,297
AP Channel Utilization - HCM-12,%,5,,,FALSE,298,298
GPU Usage - HCM-12,%,1,,,FALSE,299,299
Packet Capture Buffer Usage - HCM-12,%,10,,,FALSE,300,300
Monitoring Appliance CPU Usage - DN-13,%,5,,,FALSE,301,301
Router CPU Usage - DN-13,%,3,,,FALSE,302,302
VMS Storage Utilization - DN-13,%,10,,,FALSE,303,303
Server Temperature - DN-13,Celsius,7,,,FALSE,304,304
Storage Latency - DN-13,ms,5,,,FALSE,305,305
Switch Port Error Rate - DN-13,Errors/sec,2,,,FALSE,306,306
Access Control Events - DN-13,Events/day,2,,,FALSE,307,307
Video Recorder Disk Health - DN-13,%,15,,,FALSE,308,308
UPS Battery Charge - DN-13,%,5,,,FALSE,309,309
ATS Transfer Count - DN-13,Transfers/month,30,,,FALSE,310,310
Cooling Supply Air Temperature - DN-13,Celsius,10,,,FALSE,311,311
Generator Fuel Level - DN-13,%,30,,,FALSE,312,312
Visitor Kiosk Uptime - DN-13,Hours,15,,,FALSE,313,313
Camera Uptime - DN-13,Hours,10,,,FALSE,314,314
Backhaul Signal Strength - DN-13,dBm,2,,,FALSE,315,315
Optical Link Loss - DN-13,dB,15,,,FALSE,316,316
Edge Switch Utilization - DN-13,%,3,,,FALSE,317,317
5G Sector Throughput - DN-13,Mbps,2,,,FALSE,318,318
Baseband CPU Load - DN-13,%,2,,,FALSE,319,319
RRU VSWR - DN-13,ratio,5,,,FALSE,320,320
Gateway Packet Count - DN-13,Packets/min,10,,,FALSE,321,321
Wireless Client Count - DN-13,Clients,5,,,FALSE,322,322
AP Channel Utilization - DN-13,%,5,,,FALSE,323,323
GPU Usage - DN-13,%,1,,,FALSE,324,324
Packet Capture Buffer Usage - DN-13,%,10,,,FALSE,325,325
Monitoring Appliance CPU Usage - HP-14,%,5,,,FALSE,326,326
Router CPU Usage - HP-14,%,3,,,FALSE,327,327
VMS Storage Utilization - HP-14,%,10,,,FALSE,328,328
Server Temperature - HP-14,Celsius,7,,,FALSE,329,329
Storage Latency - HP-14,ms,5,,,FALSE,330,330
Switch Port Error Rate - HP-14,Errors/sec,2,,,FALSE,331,331
Access Control Events - HP-14,Events/day,2,,,FALSE,332,332
Video Recorder Disk Health - HP-14,%,15,,,FALSE,333,333
UPS Battery Charge - HP-14,%,5,,,FALSE,334,334
ATS Transfer Count - HP-14,Transfers/month,30,,,FALSE,335,335
Cooling Supply Air Temperature - HP-14,Celsius,10,,,FALSE,336,336
Generator Fuel Level - HP-14,%,30,,,FALSE,337,337
Visitor Kiosk Uptime - HP-14,Hours,15,,,FALSE,338,338
Camera Uptime - HP-14,Hours,10,,,FALSE,339,339
Backhaul Signal Strength - HP-14,dBm,2,,,FALSE,340,340
Optical Link Loss - HP-14,dB,15,,,FALSE,341,341
Edge Switch Utilization - HP-14,%,3,,,FALSE,342,342
5G Sector Throughput - HP-14,Mbps,2,,,FALSE,343,343
Baseband CPU Load - HP-14,%,2,,,FALSE,344,344
RRU VSWR - HP-14,ratio,5,,,FALSE,345,345
Gateway Packet Count - HP-14,Packets/min,10,,,FALSE,346,346
Wireless Client Count - HP-14,Clients,5,,,FALSE,347,347
AP Channel Utilization - HP-14,%,5,,,FALSE,348,348
GPU Usage - HP-14,%,1,,,FALSE,349,349
Packet Capture Buffer Usage - HP-14,%,10,,,FALSE,350,350
Monitoring Appliance CPU Usage - CT-15,%,5,,,FALSE,351,351
Router CPU Usage - CT-15,%,3,,,FALSE,352,352
VMS Storage Utilization - CT-15,%,10,,,FALSE,353,353
Server Temperature - CT-15,Celsius,7,,,FALSE,354,354
Storage Latency - CT-15,ms,5,,,FALSE,355,355
Switch Port Error Rate - CT-15,Errors/sec,2,,,FALSE,356,356
Access Control Events - CT-15,Events/day,2,,,FALSE,357,357
Video Recorder Disk Health - CT-15,%,15,,,FALSE,358,358
UPS Battery Charge - CT-15,%,5,,,FALSE,359,359
ATS Transfer Count - CT-15,Transfers/month,30,,,FALSE,360,360
Cooling Supply Air Temperature - CT-15,Celsius,10,,,FALSE,361,361
Generator Fuel Level - CT-15,%,30,,,FALSE,362,362
Visitor Kiosk Uptime - CT-15,Hours,15,,,FALSE,363,363
Camera Uptime - CT-15,Hours,10,,,FALSE,364,364
Backhaul Signal Strength - CT-15,dBm,2,,,FALSE,365,365
Optical Link Loss - CT-15,dB,15,,,FALSE,366,366
Edge Switch Utilization - CT-15,%,3,,,FALSE,367,367
5G Sector Throughput - CT-15,Mbps,2,,,FALSE,368,368
Baseband CPU Load - CT-15,%,2,,,FALSE,369,369
RRU VSWR - CT-15,ratio,5,,,FALSE,370,370
Gateway Packet Count - CT-15,Packets/min,10,,,FALSE,371,371
Wireless Client Count - CT-15,Clients,5,,,FALSE,372,372
AP Channel Utilization - CT-15,%,5,,,FALSE,373,373
GPU Usage - CT-15,%,1,,,FALSE,374,374
Packet Capture Buffer Usage - CT-15,%,10,,,FALSE,375,375
Monitoring Appliance CPU Usage - BD-16,%,5,,,FALSE,376,376
Router CPU Usage - BD-16,%,3,,,FALSE,377,377
VMS Storage Utilization - BD-16,%,10,,,FALSE,378,378
Server Temperature - BD-16,Celsius,7,,,FALSE,379,379
Storage Latency - BD-16,ms,5,,,FALSE,380,380
Switch Port Error Rate - BD-16,Errors/sec,2,,,FALSE,381,381
Access Control Events - BD-16,Events/day,2,,,FALSE,382,382
Video Recorder Disk Health - BD-16,%,15,,,FALSE,383,383
UPS Battery Charge - BD-16,%,5,,,FALSE,384,384
ATS Transfer Count - BD-16,Transfers/month,30,,,FALSE,385,385
Cooling Supply Air Temperature - BD-16,Celsius,10,,,FALSE,386,386
Generator Fuel Level - BD-16,%,30,,,FALSE,387,387
Visitor Kiosk Uptime - BD-16,Hours,15,,,FALSE,388,388
Camera Uptime - BD-16,Hours,10,,,FALSE,389,389
Backhaul Signal Strength - BD-16,dBm,2,,,FALSE,390,390
Optical Link Loss - BD-16,dB,15,,,FALSE,391,391
Edge Switch Utilization - BD-16,%,3,,,FALSE,392,392
5G Sector Throughput - BD-16,Mbps,2,,,FALSE,393,393
Baseband CPU Load - BD-16,%,2,,,FALSE,394,394
RRU VSWR - BD-16,ratio,5,,,FALSE,395,395
Gateway Packet Count - BD-16,Packets/min,10,,,FALSE,396,396
Wireless Client Count - BD-16,Clients,5,,,FALSE,397,397
AP Channel Utilization - BD-16,%,5,,,FALSE,398,398
GPU Usage - BD-16,%,1,,,FALSE,399,399
Packet Capture Buffer Usage - BD-16,%,10,,,FALSE,400,400
Monitoring Appliance CPU Usage - HN-17,%,5,,,FALSE,401,401
Router CPU Usage - HN-17,%,3,,,FALSE,402,402
VMS Storage Utilization - HN-17,%,10,,,FALSE,403,403
Server Temperature - HN-17,Celsius,7,,,FALSE,404,404
Storage Latency - HN-17,ms,5,,,FALSE,405,405
Switch Port Error Rate - HN-17,Errors/sec,2,,,FALSE,406,406
Access Control Events - HN-17,Events/day,2,,,FALSE,407,407
Video Recorder Disk Health - HN-17,%,15,,,FALSE,408,408
UPS Battery Charge - HN-17,%,5,,,FALSE,409,409
ATS Transfer Count - HN-17,Transfers/month,30,,,FALSE,410,410
Cooling Supply Air Temperature - HN-17,Celsius,10,,,FALSE,411,411
Generator Fuel Level - HN-17,%,30,,,FALSE,412,412
Visitor Kiosk Uptime - HN-17,Hours,15,,,FALSE,413,413
Camera Uptime - HN-17,Hours,10,,,FALSE,414,414
Backhaul Signal Strength - HN-17,dBm,2,,,FALSE,415,415
Optical Link Loss - HN-17,dB,15,,,FALSE,416,416
Edge Switch Utilization - HN-17,%,3,,,FALSE,417,417
5G Sector Throughput - HN-17,Mbps,2,,,FALSE,418,418
Baseband CPU Load - HN-17,%,2,,,FALSE,419,419
RRU VSWR - HN-17,ratio,5,,,FALSE,420,420
Gateway Packet Count - HN-17,Packets/min,10,,,FALSE,421,421
Wireless Client Count - HN-17,Clients,5,,,FALSE,422,422
AP Channel Utilization - HN-17,%,5,,,FALSE,423,423
GPU Usage - HN-17,%,1,,,FALSE,424,424
Packet Capture Buffer Usage - HN-17,%,10,,,FALSE,425,425
Monitoring Appliance CPU Usage - HN-18,%,5,,,FALSE,426,426
Router CPU Usage - HN-18,%,3,,,FALSE,427,427
VMS Storage Utilization - HN-18,%,10,,,FALSE,428,428
Server Temperature - HN-18,Celsius,7,,,FALSE,429,429
Storage Latency - HN-18,ms,5,,,FALSE,430,430
Switch Port Error Rate - HN-18,Errors/sec,2,,,FALSE,431,431
Access Control Events - HN-18,Events/day,2,,,FALSE,432,432
Video Recorder Disk Health - HN-18,%,15,,,FALSE,433,433
UPS Battery Charge - HN-18,%,5,,,FALSE,434,434
ATS Transfer Count - HN-18,Transfers/month,30,,,FALSE,435,435
Cooling Supply Air Temperature - HN-18,Celsius,10,,,FALSE,436,436
Generator Fuel Level - HN-18,%,30,,,FALSE,437,437
Visitor Kiosk Uptime - HN-18,Hours,15,,,FALSE,438,438
Camera Uptime - HN-18,Hours,10,,,FALSE,439,439
Backhaul Signal Strength - HN-18,dBm,2,,,FALSE,440,440
Optical Link Loss - HN-18,dB,15,,,FALSE,441,441
Edge Switch Utilization - HN-18,%,3,,,FALSE,442,442
5G Sector Throughput - HN-18,Mbps,2,,,FALSE,443,443
Baseband CPU Load - HN-18,%,2,,,FALSE,444,444
RRU VSWR - HN-18,ratio,5,,,FALSE,445,445
Gateway Packet Count - HN-18,Packets/min,10,,,FALSE,446,446
Wireless Client Count - HN-18,Clients,5,,,FALSE,447,447
AP Channel Utilization - HN-18,%,5,,,FALSE,448,448
GPU Usage - HN-18,%,1,,,FALSE,449,449
Packet Capture Buffer Usage - HN-18,%,10,,,FALSE,450,450
Monitoring Appliance CPU Usage - HCM-19,%,5,,,FALSE,451,451
Router CPU Usage - HCM-19,%,3,,,FALSE,452,452
VMS Storage Utilization - HCM-19,%,10,,,FALSE,453,453
Server Temperature - HCM-19,Celsius,7,,,FALSE,454,454
Storage Latency - HCM-19,ms,5,,,FALSE,455,455
Switch Port Error Rate - HCM-19,Errors/sec,2,,,FALSE,456,456
Access Control Events - HCM-19,Events/day,2,,,FALSE,457,457
Video Recorder Disk Health - HCM-19,%,15,,,FALSE,458,458
UPS Battery Charge - HCM-19,%,5,,,FALSE,459,459
ATS Transfer Count - HCM-19,Transfers/month,30,,,FALSE,460,460
Cooling Supply Air Temperature - HCM-19,Celsius,10,,,FALSE,461,461
Generator Fuel Level - HCM-19,%,30,,,FALSE,462,462
Visitor Kiosk Uptime - HCM-19,Hours,15,,,FALSE,463,463
Camera Uptime - HCM-19,Hours,10,,,FALSE,464,464
Backhaul Signal Strength - HCM-19,dBm,2,,,FALSE,465,465
Optical Link Loss - HCM-19,dB,15,,,FALSE,466,466
Edge Switch Utilization - HCM-19,%,3,,,FALSE,467,467
5G Sector Throughput - HCM-19,Mbps,2,,,FALSE,468,468
Baseband CPU Load - HCM-19,%,2,,,FALSE,469,469
RRU VSWR - HCM-19,ratio,5,,,FALSE,470,470
Gateway Packet Count - HCM-19,Packets/min,10,,,FALSE,471,471
Wireless Client Count - HCM-19,Clients,5,,,FALSE,472,472
AP Channel Utilization - HCM-19,%,5,,,FALSE,473,473
GPU Usage - HCM-19,%,1,,,FALSE,474,474
Packet Capture Buffer Usage - HCM-19,%,10,,,FALSE,475,475
Monitoring Appliance CPU Usage - HCM-20,%,5,,,FALSE,476,476
Router CPU Usage - HCM-20,%,3,,,FALSE,477,477
VMS Storage Utilization - HCM-20,%,10,,,FALSE,478,478
Server Temperature - HCM-20,Celsius,7,,,FALSE,479,479
Storage Latency - HCM-20,ms,5,,,FALSE,480,480
Switch Port Error Rate - HCM-20,Errors/sec,2,,,FALSE,481,481
Access Control Events - HCM-20,Events/day,2,,,FALSE,482,482
Video Recorder Disk Health - HCM-20,%,15,,,FALSE,483,483
UPS Battery Charge - HCM-20,%,5,,,FALSE,484,484
ATS Transfer Count - HCM-20,Transfers/month,30,,,FALSE,485,485
Cooling Supply Air Temperature - HCM-20,Celsius,10,,,FALSE,486,486
Generator Fuel Level - HCM-20,%,30,,,FALSE,487,487
Visitor Kiosk Uptime - HCM-20,Hours,15,,,FALSE,488,488
Camera Uptime - HCM-20,Hours,10,,,FALSE,489,489
Backhaul Signal Strength - HCM-20,dBm,2,,,FALSE,490,490
Optical Link Loss - HCM-20,dB,15,,,FALSE,491,491
Edge Switch Utilization - HCM-20,%,3,,,FALSE,492,492
5G Sector Throughput - HCM-20,Mbps,2,,,FALSE,493,493
Baseband CPU Load - HCM-20,%,2,,,FALSE,494,494
RRU VSWR - HCM-20,ratio,5,,,FALSE,495,495
Gateway Packet Count - HCM-20,Packets/min,10,,,FALSE,496,496
Wireless Client Count - HCM-20,Clients,5,,,FALSE,497,497
AP Channel Utilization - HCM-20,%,5,,,FALSE,498,498
GPU Usage - HCM-20,%,1,,,FALSE,499,499
Packet Capture Buffer Usage - HCM-20,%,10,,,FALSE,500,500
Monitoring Appliance CPU Usage - DN-21,%,5,,,FALSE,501,501
Router CPU Usage - DN-21,%,3,,,FALSE,502,502
VMS Storage Utilization - DN-21,%,10,,,FALSE,503,503
Server Temperature - DN-21,Celsius,7,,,FALSE,504,504
Storage Latency - DN-21,ms,5,,,FALSE,505,505
Switch Port Error Rate - DN-21,Errors/sec,2,,,FALSE,506,506
Access Control Events - DN-21,Events/day,2,,,FALSE,507,507
Video Recorder Disk Health - DN-21,%,15,,,FALSE,508,508
UPS Battery Charge - DN-21,%,5,,,FALSE,509,509
ATS Transfer Count - DN-21,Transfers/month,30,,,FALSE,510,510
Cooling Supply Air Temperature - DN-21,Celsius,10,,,FALSE,511,511
Generator Fuel Level - DN-21,%,30,,,FALSE,512,512
Visitor Kiosk Uptime - DN-21,Hours,15,,,FALSE,513,513
Camera Uptime - DN-21,Hours,10,,,FALSE,514,514
Backhaul Signal Strength - DN-21,dBm,2,,,FALSE,515,515
Optical Link Loss - DN-21,dB,15,,,FALSE,516,516
Edge Switch Utilization - DN-21,%,3,,,FALSE,517,517
5G Sector Throughput - DN-21,Mbps,2,,,FALSE,518,518
Baseband CPU Load - DN-21,%,2,,,FALSE,519,519
RRU VSWR - DN-21,ratio,5,,,FALSE,520,520
Gateway Packet Count - DN-21,Packets/min,10,,,FALSE,521,521
Wireless Client Count - DN-21,Clients,5,,,FALSE,522,522
AP Channel Utilization - DN-21,%,5,,,FALSE,523,523
GPU Usage - DN-21,%,1,,,FALSE,524,524
Packet Capture Buffer Usage - DN-21,%,10,,,FALSE,525,525
Monitoring Appliance CPU Usage - HP-22,%,5,,,FALSE,526,526
Router CPU Usage - HP-22,%,3,,,FALSE,527,527
VMS Storage Utilization - HP-22,%,10,,,FALSE,528,528
Server Temperature - HP-22,Celsius,7,,,FALSE,529,529
Storage Latency - HP-22,ms,5,,,FALSE,530,530
Switch Port Error Rate - HP-22,Errors/sec,2,,,FALSE,531,531
Access Control Events - HP-22,Events/day,2,,,FALSE,532,532
Video Recorder Disk Health - HP-22,%,15,,,FALSE,533,533
UPS Battery Charge - HP-22,%,5,,,FALSE,534,534
ATS Transfer Count - HP-22,Transfers/month,30,,,FALSE,535,535
Cooling Supply Air Temperature - HP-22,Celsius,10,,,FALSE,536,536
Generator Fuel Level - HP-22,%,30,,,FALSE,537,537
Visitor Kiosk Uptime - HP-22,Hours,15,,,FALSE,538,538
Camera Uptime - HP-22,Hours,10,,,FALSE,539,539
Backhaul Signal Strength - HP-22,dBm,2,,,FALSE,540,540
Optical Link Loss - HP-22,dB,15,,,FALSE,541,541
Edge Switch Utilization - HP-22,%,3,,,FALSE,542,542
5G Sector Throughput - HP-22,Mbps,2,,,FALSE,543,543
Baseband CPU Load - HP-22,%,2,,,FALSE,544,544
RRU VSWR - HP-22,ratio,5,,,FALSE,545,545
Gateway Packet Count - HP-22,Packets/min,10,,,FALSE,546,546
Wireless Client Count - HP-22,Clients,5,,,FALSE,547,547
AP Channel Utilization - HP-22,%,5,,,FALSE,548,548
GPU Usage - HP-22,%,1,,,FALSE,549,549
Packet Capture Buffer Usage - HP-22,%,10,,,FALSE,550,550
Monitoring Appliance CPU Usage - CT-23,%,5,,,FALSE,551,551
Router CPU Usage - CT-23,%,3,,,FALSE,552,552
VMS Storage Utilization - CT-23,%,10,,,FALSE,553,553
Server Temperature - CT-23,Celsius,7,,,FALSE,554,554
Storage Latency - CT-23,ms,5,,,FALSE,555,555
Switch Port Error Rate - CT-23,Errors/sec,2,,,FALSE,556,556
Access Control Events - CT-23,Events/day,2,,,FALSE,557,557
Video Recorder Disk Health - CT-23,%,15,,,FALSE,558,558
UPS Battery Charge - CT-23,%,5,,,FALSE,559,559
ATS Transfer Count - CT-23,Transfers/month,30,,,FALSE,560,560
Cooling Supply Air Temperature - CT-23,Celsius,10,,,FALSE,561,561
Generator Fuel Level - CT-23,%,30,,,FALSE,562,562
Visitor Kiosk Uptime - CT-23,Hours,15,,,FALSE,563,563
Camera Uptime - CT-23,Hours,10,,,FALSE,564,564
Backhaul Signal Strength - CT-23,dBm,2,,,FALSE,565,565
Optical Link Loss - CT-23,dB,15,,,FALSE,566,566
Edge Switch Utilization - CT-23,%,3,,,FALSE,567,567
5G Sector Throughput - CT-23,Mbps,2,,,FALSE,568,568
Baseband CPU Load - CT-23,%,2,,,FALSE,569,569
RRU VSWR - CT-23,ratio,5,,,FALSE,570,570
Gateway Packet Count - CT-23,Packets/min,10,,,FALSE,571,571
Wireless Client Count - CT-23,Clients,5,,,FALSE,572,572
AP Channel Utilization - CT-23,%,5,,,FALSE,573,573
GPU Usage - CT-23,%,1,,,FALSE,574,574
Packet Capture Buffer Usage - CT-23,%,10,,,FALSE,575,575
Monitoring Appliance CPU Usage - BD-24,%,5,,,FALSE,576,576
Router CPU Usage - BD-24,%,3,,,FALSE,577,577
VMS Storage Utilization - BD-24,%,10,,,FALSE,578,578
Server Temperature - BD-24,Celsius,7,,,FALSE,579,579
Storage Latency - BD-24,ms,5,,,FALSE,580,580
Switch Port Error Rate - BD-24,Errors/sec,2,,,FALSE,581,581
Access Control Events - BD-24,Events/day,2,,,FALSE,582,582
Video Recorder Disk Health - BD-24,%,15,,,FALSE,583,583
UPS Battery Charge - BD-24,%,5,,,FALSE,584,584
ATS Transfer Count - BD-24,Transfers/month,30,,,FALSE,585,585
Cooling Supply Air Temperature - BD-24,Celsius,10,,,FALSE,586,586
Generator Fuel Level - BD-24,%,30,,,FALSE,587,587
Visitor Kiosk Uptime - BD-24,Hours,15,,,FALSE,588,588
Camera Uptime - BD-24,Hours,10,,,FALSE,589,589
Backhaul Signal Strength - BD-24,dBm,2,,,FALSE,590,590
Optical Link Loss - BD-24,dB,15,,,FALSE,591,591
Edge Switch Utilization - BD-24,%,3,,,FALSE,592,592
5G Sector Throughput - BD-24,Mbps,2,,,FALSE,593,593
Baseband CPU Load - BD-24,%,2,,,FALSE,594,594
RRU VSWR - BD-24,ratio,5,,,FALSE,595,595
Gateway Packet Count - BD-24,Packets/min,10,,,FALSE,596,596
Wireless Client Count - BD-24,Clients,5,,,FALSE,597,597
AP Channel Utilization - BD-24,%,5,,,FALSE,598,598
GPU Usage - BD-24,%,1,,,FALSE,599,599
Packet Capture Buffer Usage - BD-24,%,10,,,FALSE,600,600
Monitoring Appliance CPU Usage - HN-25,%,5,,,FALSE,601,601
Router CPU Usage - HN-25,%,3,,,FALSE,602,602
VMS Storage Utilization - HN-25,%,10,,,FALSE,603,603
Server Temperature - HN-25,Celsius,7,,,FALSE,604,604
Storage Latency - HN-25,ms,5,,,FALSE,605,605
Switch Port Error Rate - HN-25,Errors/sec,2,,,FALSE,606,606
Access Control Events - HN-25,Events/day,2,,,FALSE,607,607
Video Recorder Disk Health - HN-25,%,15,,,FALSE,608,608
UPS Battery Charge - HN-25,%,5,,,FALSE,609,609
ATS Transfer Count - HN-25,Transfers/month,30,,,FALSE,610,610
Cooling Supply Air Temperature - HN-25,Celsius,10,,,FALSE,611,611
Generator Fuel Level - HN-25,%,30,,,FALSE,612,612
Visitor Kiosk Uptime - HN-25,Hours,15,,,FALSE,613,613
Camera Uptime - HN-25,Hours,10,,,FALSE,614,614
Backhaul Signal Strength - HN-25,dBm,2,,,FALSE,615,615
Optical Link Loss - HN-25,dB,15,,,FALSE,616,616
Edge Switch Utilization - HN-25,%,3,,,FALSE,617,617
5G Sector Throughput - HN-25,Mbps,2,,,FALSE,618,618
Baseband CPU Load - HN-25,%,2,,,FALSE,619,619
RRU VSWR - HN-25,ratio,5,,,FALSE,620,620
Gateway Packet Count - HN-25,Packets/min,10,,,FALSE,621,621
Wireless Client Count - HN-25,Clients,5,,,FALSE,622,622
AP Channel Utilization - HN-25,%,5,,,FALSE,623,623
GPU Usage - HN-25,%,1,,,FALSE,624,624
Packet Capture Buffer Usage - HN-25,%,10,,,FALSE,625,625
Monitoring Appliance CPU Usage - HN-26,%,5,,,FALSE,626,626
Router CPU Usage - HN-26,%,3,,,FALSE,627,627
VMS Storage Utilization - HN-26,%,10,,,FALSE,628,628
Server Temperature - HN-26,Celsius,7,,,FALSE,629,629
Storage Latency - HN-26,ms,5,,,FALSE,630,630
Switch Port Error Rate - HN-26,Errors/sec,2,,,FALSE,631,631
Access Control Events - HN-26,Events/day,2,,,FALSE,632,632
Video Recorder Disk Health - HN-26,%,15,,,FALSE,633,633
UPS Battery Charge - HN-26,%,5,,,FALSE,634,634
ATS Transfer Count - HN-26,Transfers/month,30,,,FALSE,635,635
Cooling Supply Air Temperature - HN-26,Celsius,10,,,FALSE,636,636
Generator Fuel Level - HN-26,%,30,,,FALSE,637,637
Visitor Kiosk Uptime - HN-26,Hours,15,,,FALSE,638,638
Camera Uptime - HN-26,Hours,10,,,FALSE,639,639
Backhaul Signal Strength - HN-26,dBm,2,,,FALSE,640,640
Optical Link Loss - HN-26,dB,15,,,FALSE,641,641
Edge Switch Utilization - HN-26,%,3,,,FALSE,642,642
5G Sector Throughput - HN-26,Mbps,2,,,FALSE,643,643
Baseband CPU Load - HN-26,%,2,,,FALSE,644,644
RRU VSWR - HN-26,ratio,5,,,FALSE,645,645
Gateway Packet Count - HN-26,Packets/min,10,,,FALSE,646,646
Wireless Client Count - HN-26,Clients,5,,,FALSE,647,647
AP Channel Utilization - HN-26,%,5,,,FALSE,648,648
GPU Usage - HN-26,%,1,,,FALSE,649,649
Packet Capture Buffer Usage - HN-26,%,10,,,FALSE,650,650
Monitoring Appliance CPU Usage - HCM-27,%,5,,,FALSE,651,651
Router CPU Usage - HCM-27,%,3,,,FALSE,652,652
VMS Storage Utilization - HCM-27,%,10,,,FALSE,653,653
Server Temperature - HCM-27,Celsius,7,,,FALSE,654,654
Storage Latency - HCM-27,ms,5,,,FALSE,655,655
Switch Port Error Rate - HCM-27,Errors/sec,2,,,FALSE,656,656
Access Control Events - HCM-27,Events/day,2,,,FALSE,657,657
Video Recorder Disk Health - HCM-27,%,15,,,FALSE,658,658
UPS Battery Charge - HCM-27,%,5,,,FALSE,659,659
ATS Transfer Count - HCM-27,Transfers/month,30,,,FALSE,660,660
Cooling Supply Air Temperature - HCM-27,Celsius,10,,,FALSE,661,661
Generator Fuel Level - HCM-27,%,30,,,FALSE,662,662
Visitor Kiosk Uptime - HCM-27,Hours,15,,,FALSE,663,663
Camera Uptime - HCM-27,Hours,10,,,FALSE,664,664
Backhaul Signal Strength - HCM-27,dBm,2,,,FALSE,665,665
Optical Link Loss - HCM-27,dB,15,,,FALSE,666,666
Edge Switch Utilization - HCM-27,%,3,,,FALSE,667,667
5G Sector Throughput - HCM-27,Mbps,2,,,FALSE,668,668
Baseband CPU Load - HCM-27,%,2,,,FALSE,669,669
RRU VSWR - HCM-27,ratio,5,,,FALSE,670,670
Gateway Packet Count - HCM-27,Packets/min,10,,,FALSE,671,671
Wireless Client Count - HCM-27,Clients,5,,,FALSE,672,672
AP Channel Utilization - HCM-27,%,5,,,FALSE,673,673
GPU Usage - HCM-27,%,1,,,FALSE,674,674
Packet Capture Buffer Usage - HCM-27,%,10,,,FALSE,675,675
Monitoring Appliance CPU Usage - HCM-28,%,5,,,FALSE,676,676
Router CPU Usage - HCM-28,%,3,,,FALSE,677,677
VMS Storage Utilization - HCM-28,%,10,,,FALSE,678,678
Server Temperature - HCM-28,Celsius,7,,,FALSE,679,679
Storage Latency - HCM-28,ms,5,,,FALSE,680,680
Switch Port Error Rate - HCM-28,Errors/sec,2,,,FALSE,681,681
Access Control Events - HCM-28,Events/day,2,,,FALSE,682,682
Video Recorder Disk Health - HCM-28,%,15,,,FALSE,683,683
UPS Battery Charge - HCM-28,%,5,,,FALSE,684,684
ATS Transfer Count - HCM-28,Transfers/month,30,,,FALSE,685,685
Cooling Supply Air Temperature - HCM-28,Celsius,10,,,FALSE,686,686
Generator Fuel Level - HCM-28,%,30,,,FALSE,687,687
Visitor Kiosk Uptime - HCM-28,Hours,15,,,FALSE,688,688
Camera Uptime - HCM-28,Hours,10,,,FALSE,689,689
Backhaul Signal Strength - HCM-28,dBm,2,,,FALSE,690,690
Optical Link Loss - HCM-28,dB,15,,,FALSE,691,691
Edge Switch Utilization - HCM-28,%,3,,,FALSE,692,692
5G Sector Throughput - HCM-28,Mbps,2,,,FALSE,693,693
Baseband CPU Load - HCM-28,%,2,,,FALSE,694,694
RRU VSWR - HCM-28,ratio,5,,,FALSE,695,695
Gateway Packet Count - HCM-28,Packets/min,10,,,FALSE,696,696
Wireless Client Count - HCM-28,Clients,5,,,FALSE,697,697
AP Channel Utilization - HCM-28,%,5,,,FALSE,698,698
GPU Usage - HCM-28,%,1,,,FALSE,699,699
Packet Capture Buffer Usage - HCM-28,%,10,,,FALSE,700,700
Monitoring Appliance CPU Usage - DN-29,%,5,,,FALSE,701,701
Router CPU Usage - DN-29,%,3,,,FALSE,702,702
VMS Storage Utilization - DN-29,%,10,,,FALSE,703,703
Server Temperature - DN-29,Celsius,7,,,FALSE,704,704
Storage Latency - DN-29,ms,5,,,FALSE,705,705
Switch Port Error Rate - DN-29,Errors/sec,2,,,FALSE,706,706
Access Control Events - DN-29,Events/day,2,,,FALSE,707,707
Video Recorder Disk Health - DN-29,%,15,,,FALSE,708,708
UPS Battery Charge - DN-29,%,5,,,FALSE,709,709
ATS Transfer Count - DN-29,Transfers/month,30,,,FALSE,710,710
Cooling Supply Air Temperature - DN-29,Celsius,10,,,FALSE,711,711
Generator Fuel Level - DN-29,%,30,,,FALSE,712,712
Visitor Kiosk Uptime - DN-29,Hours,15,,,FALSE,713,713
Camera Uptime - DN-29,Hours,10,,,FALSE,714,714
Backhaul Signal Strength - DN-29,dBm,2,,,FALSE,715,715
Optical Link Loss - DN-29,dB,15,,,FALSE,716,716
Edge Switch Utilization - DN-29,%,3,,,FALSE,717,717
5G Sector Throughput - DN-29,Mbps,2,,,FALSE,718,718
Baseband CPU Load - DN-29,%,2,,,FALSE,719,719
RRU VSWR - DN-29,ratio,5,,,FALSE,720,720
Gateway Packet Count - DN-29,Packets/min,10,,,FALSE,721,721
Wireless Client Count - DN-29,Clients,5,,,FALSE,722,722
AP Channel Utilization - DN-29,%,5,,,FALSE,723,723
GPU Usage - DN-29,%,1,,,FALSE,724,724
Packet Capture Buffer Usage - DN-29,%,10,,,FALSE,725,725
Monitoring Appliance CPU Usage - HP-30,%,5,,,FALSE,726,726
Router CPU Usage - HP-30,%,3,,,FALSE,727,727
VMS Storage Utilization - HP-30,%,10,,,FALSE,728,728
Server Temperature - HP-30,Celsius,7,,,FALSE,729,729
Storage Latency - HP-30,ms,5,,,FALSE,730,730
Switch Port Error Rate - HP-30,Errors/sec,2,,,FALSE,731,731
Access Control Events - HP-30,Events/day,2,,,FALSE,732,732
Video Recorder Disk Health - HP-30,%,15,,,FALSE,733,733
UPS Battery Charge - HP-30,%,5,,,FALSE,734,734
ATS Transfer Count - HP-30,Transfers/month,30,,,FALSE,735,735
Cooling Supply Air Temperature - HP-30,Celsius,10,,,FALSE,736,736
Generator Fuel Level - HP-30,%,30,,,FALSE,737,737
Visitor Kiosk Uptime - HP-30,Hours,15,,,FALSE,738,738
Camera Uptime - HP-30,Hours,10,,,FALSE,739,739
Backhaul Signal Strength - HP-30,dBm,2,,,FALSE,740,740
Optical Link Loss - HP-30,dB,15,,,FALSE,741,741
Edge Switch Utilization - HP-30,%,3,,,FALSE,742,742
5G Sector Throughput - HP-30,Mbps,2,,,FALSE,743,743
Baseband CPU Load - HP-30,%,2,,,FALSE,744,744
RRU VSWR - HP-30,ratio,5,,,FALSE,745,745
Gateway Packet Count - HP-30,Packets/min,10,,,FALSE,746,746
Wireless Client Count - HP-30,Clients,5,,,FALSE,747,747
AP Channel Utilization - HP-30,%,5,,,FALSE,748,748
GPU Usage - HP-30,%,1,,,FALSE,749,749
Packet Capture Buffer Usage - HP-30,%,10,,,FALSE,750,750
Monitoring Appliance CPU Usage - CT-31,%,5,,,FALSE,751,751
Router CPU Usage - CT-31,%,3,,,FALSE,752,752
VMS Storage Utilization - CT-31,%,10,,,FALSE,753,753
Server Temperature - CT-31,Celsius,7,,,FALSE,754,754
Storage Latency - CT-31,ms,5,,,FALSE,755,755
Switch Port Error Rate - CT-31,Errors/sec,2,,,FALSE,756,756
Access Control Events - CT-31,Events/day,2,,,FALSE,757,757
Video Recorder Disk Health - CT-31,%,15,,,FALSE,758,758
UPS Battery Charge - CT-31,%,5,,,FALSE,759,759
ATS Transfer Count - CT-31,Transfers/month,30,,,FALSE,760,760
Cooling Supply Air Temperature - CT-31,Celsius,10,,,FALSE,761,761
Generator Fuel Level - CT-31,%,30,,,FALSE,762,762
Visitor Kiosk Uptime - CT-31,Hours,15,,,FALSE,763,763
Camera Uptime - CT-31,Hours,10,,,FALSE,764,764
Backhaul Signal Strength - CT-31,dBm,2,,,FALSE,765,765
Optical Link Loss - CT-31,dB,15,,,FALSE,766,766
Edge Switch Utilization - CT-31,%,3,,,FALSE,767,767
5G Sector Throughput - CT-31,Mbps,2,,,FALSE,768,768
Baseband CPU Load - CT-31,%,2,,,FALSE,769,769
RRU VSWR - CT-31,ratio,5,,,FALSE,770,770
Gateway Packet Count - CT-31,Packets/min,10,,,FALSE,771,771
Wireless Client Count - CT-31,Clients,5,,,FALSE,772,772
AP Channel Utilization - CT-31,%,5,,,FALSE,773,773
GPU Usage - CT-31,%,1,,,FALSE,774,774
Packet Capture Buffer Usage - CT-31,%,10,,,FALSE,775,775
Monitoring Appliance CPU Usage - BD-32,%,5,,,FALSE,776,776
Router CPU Usage - BD-32,%,3,,,FALSE,777,777
VMS Storage Utilization - BD-32,%,10,,,FALSE,778,778
Server Temperature - BD-32,Celsius,7,,,FALSE,779,779
Storage Latency - BD-32,ms,5,,,FALSE,780,780
Switch Port Error Rate - BD-32,Errors/sec,2,,,FALSE,781,781
Access Control Events - BD-32,Events/day,2,,,FALSE,782,782
Video Recorder Disk Health - BD-32,%,15,,,FALSE,783,783
UPS Battery Charge - BD-32,%,5,,,FALSE,784,784
ATS Transfer Count - BD-32,Transfers/month,30,,,FALSE,785,785
Cooling Supply Air Temperature - BD-32,Celsius,10,,,FALSE,786,786
Generator Fuel Level - BD-32,%,30,,,FALSE,787,787
Visitor Kiosk Uptime - BD-32,Hours,15,,,FALSE,788,788
Camera Uptime - BD-32,Hours,10,,,FALSE,789,789
Backhaul Signal Strength - BD-32,dBm,2,,,FALSE,790,790
Optical Link Loss - BD-32,dB,15,,,FALSE,791,791
Edge Switch Utilization - BD-32,%,3,,,FALSE,792,792
5G Sector Throughput - BD-32,Mbps,2,,,FALSE,793,793
Baseband CPU Load - BD-32,%,2,,,FALSE,794,794
RRU VSWR - BD-32,ratio,5,,,FALSE,795,795
Gateway Packet Count - BD-32,Packets/min,10,,,FALSE,796,796
Wireless Client Count - BD-32,Clients,5,,,FALSE,797,797
AP Channel Utilization - BD-32,%,5,,,FALSE,798,798
GPU Usage - BD-32,%,1,,,FALSE,799,799
Packet Capture Buffer Usage - BD-32,%,10,,,FALSE,800,800
Monitoring Appliance CPU Usage - HN-33,%,5,,,FALSE,801,801
Router CPU Usage - HN-33,%,3,,,FALSE,802,802
VMS Storage Utilization - HN-33,%,10,,,FALSE,803,803
Server Temperature - HN-33,Celsius,7,,,FALSE,804,804
Storage Latency - HN-33,ms,5,,,FALSE,805,805
Switch Port Error Rate - HN-33,Errors/sec,2,,,FALSE,806,806
Access Control Events - HN-33,Events/day,2,,,FALSE,807,807
Video Recorder Disk Health - HN-33,%,15,,,FALSE,808,808
UPS Battery Charge - HN-33,%,5,,,FALSE,809,809
ATS Transfer Count - HN-33,Transfers/month,30,,,FALSE,810,810
Cooling Supply Air Temperature - HN-33,Celsius,10,,,FALSE,811,811
Generator Fuel Level - HN-33,%,30,,,FALSE,812,812
Visitor Kiosk Uptime - HN-33,Hours,15,,,FALSE,813,813
Camera Uptime - HN-33,Hours,10,,,FALSE,814,814
Backhaul Signal Strength - HN-33,dBm,2,,,FALSE,815,815
Optical Link Loss - HN-33,dB,15,,,FALSE,816,816
Edge Switch Utilization - HN-33,%,3,,,FALSE,817,817
5G Sector Throughput - HN-33,Mbps,2,,,FALSE,818,818
Baseband CPU Load - HN-33,%,2,,,FALSE,819,819
RRU VSWR - HN-33,ratio,5,,,FALSE,820,820
Gateway Packet Count - HN-33,Packets/min,10,,,FALSE,821,821
Wireless Client Count - HN-33,Clients,5,,,FALSE,822,822
AP Channel Utilization - HN-33,%,5,,,FALSE,823,823
GPU Usage - HN-33,%,1,,,FALSE,824,824
Packet Capture Buffer Usage - HN-33,%,10,,,FALSE,825,825
Monitoring Appliance CPU Usage - HN-34,%,5,,,FALSE,826,826
Router CPU Usage - HN-34,%,3,,,FALSE,827,827
VMS Storage Utilization - HN-34,%,10,,,FALSE,828,828
Server Temperature - HN-34,Celsius,7,,,FALSE,829,829
Storage Latency - HN-34,ms,5,,,FALSE,830,830
Switch Port Error Rate - HN-34,Errors/sec,2,,,FALSE,831,831
Access Control Events - HN-34,Events/day,2,,,FALSE,832,832
Video Recorder Disk Health - HN-34,%,15,,,FALSE,833,833
UPS Battery Charge - HN-34,%,5,,,FALSE,834,834
ATS Transfer Count - HN-34,Transfers/month,30,,,FALSE,835,835
Cooling Supply Air Temperature - HN-34,Celsius,10,,,FALSE,836,836
Generator Fuel Level - HN-34,%,30,,,FALSE,837,837
Visitor Kiosk Uptime - HN-34,Hours,15,,,FALSE,838,838
Camera Uptime - HN-34,Hours,10,,,FALSE,839,839
Backhaul Signal Strength - HN-34,dBm,2,,,FALSE,840,840
Optical Link Loss - HN-34,dB,15,,,FALSE,841,841
Edge Switch Utilization - HN-34,%,3,,,FALSE,842,842
5G Sector Throughput - HN-34,Mbps,2,,,FALSE,843,843
Baseband CPU Load - HN-34,%,2,,,FALSE,844,844
RRU VSWR - HN-34,ratio,5,,,FALSE,845,845
Gateway Packet Count - HN-34,Packets/min,10,,,FALSE,846,846
Wireless Client Count - HN-34,Clients,5,,,FALSE,847,847
AP Channel Utilization - HN-34,%,5,,,FALSE,848,848
GPU Usage - HN-34,%,1,,,FALSE,849,849
Packet Capture Buffer Usage - HN-34,%,10,,,FALSE,850,850
Monitoring Appliance CPU Usage - HCM-35,%,5,,,FALSE,851,851
Router CPU Usage - HCM-35,%,3,,,FALSE,852,852
VMS Storage Utilization - HCM-35,%,10,,,FALSE,853,853
Server Temperature - HCM-35,Celsius,7,,,FALSE,854,854
Storage Latency - HCM-35,ms,5,,,FALSE,855,855
Switch Port Error Rate - HCM-35,Errors/sec,2,,,FALSE,856,856
Access Control Events - HCM-35,Events/day,2,,,FALSE,857,857
Video Recorder Disk Health - HCM-35,%,15,,,FALSE,858,858
UPS Battery Charge - HCM-35,%,5,,,FALSE,859,859
ATS Transfer Count - HCM-35,Transfers/month,30,,,FALSE,860,860
Cooling Supply Air Temperature - HCM-35,Celsius,10,,,FALSE,861,861
Generator Fuel Level - HCM-35,%,30,,,FALSE,862,862
Visitor Kiosk Uptime - HCM-35,Hours,15,,,FALSE,863,863
Camera Uptime - HCM-35,Hours,10,,,FALSE,864,864
Backhaul Signal Strength - HCM-35,dBm,2,,,FALSE,865,865
Optical Link Loss - HCM-35,dB,15,,,FALSE,866,866
Edge Switch Utilization - HCM-35,%,3,,,FALSE,867,867
5G Sector Throughput - HCM-35,Mbps,2,,,FALSE,868,868
Baseband CPU Load - HCM-35,%,2,,,FALSE,869,869
RRU VSWR - HCM-35,ratio,5,,,FALSE,870,870
Gateway Packet Count - HCM-35,Packets/min,10,,,FALSE,871,871
Wireless Client Count - HCM-35,Clients,5,,,FALSE,872,872
AP Channel Utilization - HCM-35,%,5,,,FALSE,873,873
GPU Usage - HCM-35,%,1,,,FALSE,874,874
Packet Capture Buffer Usage - HCM-35,%,10,,,FALSE,875,875
Monitoring Appliance CPU Usage - HCM-36,%,5,,,FALSE,876,876
Router CPU Usage - HCM-36,%,3,,,FALSE,877,877
VMS Storage Utilization - HCM-36,%,10,,,FALSE,878,878
Server Temperature - HCM-36,Celsius,7,,,FALSE,879,879
Storage Latency - HCM-36,ms,5,,,FALSE,880,880
Switch Port Error Rate - HCM-36,Errors/sec,2,,,FALSE,881,881
Access Control Events - HCM-36,Events/day,2,,,FALSE,882,882
Video Recorder Disk Health - HCM-36,%,15,,,FALSE,883,883
UPS Battery Charge - HCM-36,%,5,,,FALSE,884,884
ATS Transfer Count - HCM-36,Transfers/month,30,,,FALSE,885,885
Cooling Supply Air Temperature - HCM-36,Celsius,10,,,FALSE,886,886
Generator Fuel Level - HCM-36,%,30,,,FALSE,887,887
Visitor Kiosk Uptime - HCM-36,Hours,15,,,FALSE,888,888
Camera Uptime - HCM-36,Hours,10,,,FALSE,889,889
Backhaul Signal Strength - HCM-36,dBm,2,,,FALSE,890,890
Optical Link Loss - HCM-36,dB,15,,,FALSE,891,891
Edge Switch Utilization - HCM-36,%,3,,,FALSE,892,892
5G Sector Throughput - HCM-36,Mbps,2,,,FALSE,893,893
Baseband CPU Load - HCM-36,%,2,,,FALSE,894,894
RRU VSWR - HCM-36,ratio,5,,,FALSE,895,895
Gateway Packet Count - HCM-36,Packets/min,10,,,FALSE,896,896
Wireless Client Count - HCM-36,Clients,5,,,FALSE,897,897
AP Channel Utilization - HCM-36,%,5,,,FALSE,898,898
GPU Usage - HCM-36,%,1,,,FALSE,899,899
Packet Capture Buffer Usage - HCM-36,%,10,,,FALSE,900,900
Monitoring Appliance CPU Usage - DN-37,%,5,,,FALSE,901,901
Router CPU Usage - DN-37,%,3,,,FALSE,902,902
VMS Storage Utilization - DN-37,%,10,,,FALSE,903,903
Server Temperature - DN-37,Celsius,7,,,FALSE,904,904
Storage Latency - DN-37,ms,5,,,FALSE,905,905
Switch Port Error Rate - DN-37,Errors/sec,2,,,FALSE,906,906
Access Control Events - DN-37,Events/day,2,,,FALSE,907,907
Video Recorder Disk Health - DN-37,%,15,,,FALSE,908,908
UPS Battery Charge - DN-37,%,5,,,FALSE,909,909
ATS Transfer Count - DN-37,Transfers/month,30,,,FALSE,910,910
Cooling Supply Air Temperature - DN-37,Celsius,10,,,FALSE,911,911
Generator Fuel Level - DN-37,%,30,,,FALSE,912,912
Visitor Kiosk Uptime - DN-37,Hours,15,,,FALSE,913,913
Camera Uptime - DN-37,Hours,10,,,FALSE,914,914
Backhaul Signal Strength - DN-37,dBm,2,,,FALSE,915,915
Optical Link Loss - DN-37,dB,15,,,FALSE,916,916
Edge Switch Utilization - DN-37,%,3,,,FALSE,917,917
5G Sector Throughput - DN-37,Mbps,2,,,FALSE,918,918
Baseband CPU Load - DN-37,%,2,,,FALSE,919,919
RRU VSWR - DN-37,ratio,5,,,FALSE,920,920
Gateway Packet Count - DN-37,Packets/min,10,,,FALSE,921,921
Wireless Client Count - DN-37,Clients,5,,,FALSE,922,922
AP Channel Utilization - DN-37,%,5,,,FALSE,923,923
GPU Usage - DN-37,%,1,,,FALSE,924,924
Packet Capture Buffer Usage - DN-37,%,10,,,FALSE,925,925
Monitoring Appliance CPU Usage - HP-38,%,5,,,FALSE,926,926
Router CPU Usage - HP-38,%,3,,,FALSE,927,927
VMS Storage Utilization - HP-38,%,10,,,FALSE,928,928
Server Temperature - HP-38,Celsius,7,,,FALSE,929,929
Storage Latency - HP-38,ms,5,,,FALSE,930,930
Switch Port Error Rate - HP-38,Errors/sec,2,,,FALSE,931,931
Access Control Events - HP-38,Events/day,2,,,FALSE,932,932
Video Recorder Disk Health - HP-38,%,15,,,FALSE,933,933
UPS Battery Charge - HP-38,%,5,,,FALSE,934,934
ATS Transfer Count - HP-38,Transfers/month,30,,,FALSE,935,935
Cooling Supply Air Temperature - HP-38,Celsius,10,,,FALSE,936,936
Generator Fuel Level - HP-38,%,30,,,FALSE,937,937
Visitor Kiosk Uptime - HP-38,Hours,15,,,FALSE,938,938
Camera Uptime - HP-38,Hours,10,,,FALSE,939,939
Backhaul Signal Strength - HP-38,dBm,2,,,FALSE,940,940
Optical Link Loss - HP-38,dB,15,,,FALSE,941,941
Edge Switch Utilization - HP-38,%,3,,,FALSE,942,942
5G Sector Throughput - HP-38,Mbps,2,,,FALSE,943,943
Baseband CPU Load - HP-38,%,2,,,FALSE,944,944
RRU VSWR - HP-38,ratio,5,,,FALSE,945,945
Gateway Packet Count - HP-38,Packets/min,10,,,FALSE,946,946
Wireless Client Count - HP-38,Clients,5,,,FALSE,947,947
AP Channel Utilization - HP-38,%,5,,,FALSE,948,948
GPU Usage - HP-38,%,1,,,FALSE,949,949
Packet Capture Buffer Usage - HP-38,%,10,,,FALSE,950,950
Monitoring Appliance CPU Usage - CT-39,%,5,,,FALSE,951,951
Router CPU Usage - CT-39,%,3,,,FALSE,952,952
VMS Storage Utilization - CT-39,%,10,,,FALSE,953,953
Server Temperature - CT-39,Celsius,7,,,FALSE,954,954
Storage Latency - CT-39,ms,5,,,FALSE,955,955
Switch Port Error Rate - CT-39,Errors/sec,2,,,FALSE,956,956
Access Control Events - CT-39,Events/day,2,,,FALSE,957,957
Video Recorder Disk Health - CT-39,%,15,,,FALSE,958,958
UPS Battery Charge - CT-39,%,5,,,FALSE,959,959
ATS Transfer Count - CT-39,Transfers/month,30,,,FALSE,960,960
Cooling Supply Air Temperature - CT-39,Celsius,10,,,FALSE,961,961
Generator Fuel Level - CT-39,%,30,,,FALSE,962,962
Visitor Kiosk Uptime - CT-39,Hours,15,,,FALSE,963,963
Camera Uptime - CT-39,Hours,10,,,FALSE,964,964
Backhaul Signal Strength - CT-39,dBm,2,,,FALSE,965,965
Optical Link Loss - CT-39,dB,15,,,FALSE,966,966
Edge Switch Utilization - CT-39,%,3,,,FALSE,967,967
5G Sector Throughput - CT-39,Mbps,2,,,FALSE,968,968
Baseband CPU Load - CT-39,%,2,,,FALSE,969,969
RRU VSWR - CT-39,ratio,5,,,FALSE,970,970
Gateway Packet Count - CT-39,Packets/min,10,,,FALSE,971,971
Wireless Client Count - CT-39,Clients,5,,,FALSE,972,972
AP Channel Utilization - CT-39,%,5,,,FALSE,973,973
GPU Usage - CT-39,%,1,,,FALSE,974,974
Packet Capture Buffer Usage - CT-39,%,10,,,FALSE,975,975
Monitoring Appliance CPU Usage - BD-40,%,5,,,FALSE,976,976
Router CPU Usage - BD-40,%,3,,,FALSE,977,977
VMS Storage Utilization - BD-40,%,10,,,FALSE,978,978
Server Temperature - BD-40,Celsius,7,,,FALSE,979,979
Storage Latency - BD-40,ms,5,,,FALSE,980,980
Switch Port Error Rate - BD-40,Errors/sec,2,,,FALSE,981,981
Access Control Events - BD-40,Events/day,2,,,FALSE,982,982
Video Recorder Disk Health - BD-40,%,15,,,FALSE,983,983
UPS Battery Charge - BD-40,%,5,,,FALSE,984,984
ATS Transfer Count - BD-40,Transfers/month,30,,,FALSE,985,985
Cooling Supply Air Temperature - BD-40,Celsius,10,,,FALSE,986,986
Generator Fuel Level - BD-40,%,30,,,FALSE,987,987
Visitor Kiosk Uptime - BD-40,Hours,15,,,FALSE,988,988
Camera Uptime - BD-40,Hours,10,,,FALSE,989,989
Backhaul Signal Strength - BD-40,dBm,2,,,FALSE,990,990
Optical Link Loss - BD-40,dB,15,,,FALSE,991,991
Edge Switch Utilization - BD-40,%,3,,,FALSE,992,992
5G Sector Throughput - BD-40,Mbps,2,,,FALSE,993,993
Baseband CPU Load - BD-40,%,2,,,FALSE,994,994
RRU VSWR - BD-40,ratio,5,,,FALSE,995,995
Gateway Packet Count - BD-40,Packets/min,10,,,FALSE,996,996
Wireless Client Count - BD-40,Clients,5,,,FALSE,997,997
AP Channel Utilization - BD-40,%,5,,,FALSE,998,998
GPU Usage - BD-40,%,1,,,FALSE,999,999
Packet Capture Buffer Usage - BD-40,%,10,,,FALSE,1000,1000